{"stats":{"minecraft:custom":{"minecraft:time_since_rest":582,"minecraft:sprint_one_cm":24386,"minecraft:interact_with_furnace":13,"minecraft:damage_taken":480,"minecraft:walk_one_cm":22414,"minecraft:mob_kills":8,"minecraft:damage_dealt":480,"minecraft:interact_with_crafting_table":7,"minecraft:swim_one_cm":23327,"minecraft:fly_one_cm":33182,"minecraft:crouch_one_cm":2149,"minecraft:play_time":15019,"minecraft:deaths":1,"minecraft:sneak_time":1036,"minecraft:walk_under_water_one_cm":9871,"minecraft:jump":323,"minecraft:leave_game":1,"minecraft:walk_on_water_one_cm":15863,"minecraft:time_since_death":556,"minecraft:total_world_time":15019,"minecraft:fall_one_cm":13398},"minecraft:used":{"minecraft:wooden_axe":12,"minecraft:stone_pickaxe":28,"minecraft:iron_pickaxe":14,"minecraft:wooden_pickaxe":3,"minecraft:iron_sword":10,"minecraft:cooked_salmon":2,"minecraft:rotten_flesh":1,"minecraft:salmon":1,"minecraft:dirt":5,"minecraft:beef":3,"minecraft:crafting_table":2,"minecraft:furnace":3},"minecraft:mined":{"minecraft:furnace":2,"minecraft:iron_ore":14,"minecraft:spruce_log":5,"minecraft:crafting_table":2,"minecraft:coal_ore":5,"minecraft:grass_block":5,"minecraft:oak_log":4,"minecraft:dirt":7,"minecraft:spruce_leaves":6,"minecraft:stone":23,"minecraft:oak_leaves":5,"minecraft:fern":1},"minecraft:crafted":{"minecraft:oak_planks":16,"minecraft:shield":1,"minecraft:crafting_table":1,"minecraft:spruce_planks":20,"minecraft:stick":20,"minecraft:iron_pickaxe":1,"minecraft:iron_ingot":9,"minecraft:wooden_pickaxe":1,"minecraft:stone_pickaxe":1,"minecraft:wooden_axe":1,"minecraft:iron_sword":1,"minecraft:furnace":1,"minecraft:cooked_salmon":1,"minecraft:air":0},"minecraft:killed":{"minecraft:salmon":6,"minecraft:drowned":1,"minecraft:cow":1},"minecraft:picked_up":{"minecraft:crafting_table":2,"minecraft:raw_iron":19,"minecraft:salmon":10,"minecraft:leather":1,"minecraft:oak_log":4,"minecraft:spruce_log":5,"minecraft:dirt":7,"minecraft:cooked_salmon":1,"minecraft:rotten_flesh":1,"minecraft:beef":3,"minecraft:coal":5,"minecraft:cobblestone":23,"minecraft:furnace":2}},"DataVersion":3465}