{"stats":{"minecraft:custom":{"minecraft:time_since_rest":7892,"minecraft:crouch_one_cm":276,"minecraft:play_time":7892,"minecraft:sprint_one_cm":15275,"minecraft:damage_taken":40,"minecraft:walk_one_cm":9061,"minecraft:sneak_time":78,"minecraft:jump":98,"minecraft:damage_dealt":30,"minecraft:time_since_death":7892,"minecraft:total_world_time":7892,"minecraft:interact_with_crafting_table":1,"minecraft:fall_one_cm":3640,"minecraft:fly_one_cm":19738},"minecraft:mined":{"minecraft:grass_block":1,"minecraft:dirt":2,"minecraft:sweet_berry_bush":2,"minecraft:stone":34,"minecraft:spruce_log":6},"minecraft:picked_up":{"minecraft:sweet_berries":4,"minecraft:spruce_log":4,"minecraft:dirt":3,"minecraft:cobblestone":34,"minecraft:egg":1},"minecraft:used":{"minecraft:dirt":2,"minecraft:sweet_berries":1,"minecraft:crafting_table":1,"minecraft:wooden_pickaxe":37,"minecraft:egg":1},"minecraft:crafted":{"minecraft:crafting_table":1,"minecraft:spruce_planks":16,"minecraft:stick":8,"minecraft:wooden_pickaxe":1}},"DataVersion":3465}