{"stats":{"minecraft:custom":{"minecraft:time_since_rest":1143,"minecraft:play_time":13899,"minecraft:crouch_one_cm":935,"minecraft:sprint_one_cm":12569,"minecraft:damage_taken":1560,"minecraft:walk_one_cm":73891,"minecraft:deaths":4,"minecraft:sneak_time":233,"minecraft:walk_under_water_one_cm":194,"minecraft:mob_kills":1,"minecraft:drop":1,"minecraft:jump":261,"minecraft:damage_dealt":104,"minecraft:leave_game":1,"minecraft:time_since_death":1000,"minecraft:walk_on_water_one_cm":201,"minecraft:total_world_time":13899,"minecraft:swim_one_cm":204,"minecraft:interact_with_crafting_table":1,"minecraft:fall_one_cm":12854,"minecraft:fly_one_cm":9471},"minecraft:mined":{"minecraft:large_fern":4,"minecraft:grass":3,"minecraft:grass_block":3,"minecraft:sweet_berry_bush":1,"minecraft:spruce_leaves":20,"minecraft:spruce_log":6,"minecraft:crafting_table":1},"minecraft:picked_up":{"minecraft:stick":3,"minecraft:crafting_table":1,"minecraft:sweet_berries":95,"minecraft:leather":1,"minecraft:spruce_planks":16,"minecraft:spruce_sapling":3,"minecraft:spruce_log":8,"minecraft:dirt":14},"minecraft:killed_by":{"minecraft:skeleton":1,"minecraft:creeper":1},"minecraft:used":{"minecraft:dirt":3,"minecraft:sweet_berries":7,"minecraft:crafting_table":1},"minecraft:crafted":{"minecraft:crafting_table":1,"minecraft:spruce_planks":24,"minecraft:stick":8},"minecraft:dropped":{"minecraft:dirt":1}},"DataVersion":3465}