{"stats":{"minecraft:custom":{"minecraft:time_since_rest":6323,"minecraft:sprint_one_cm":12569,"minecraft:damage_taken":2145,"minecraft:walk_one_cm":89360,"minecraft:mob_kills":4,"minecraft:drop":1,"minecraft:damage_dealt":238,"minecraft:swim_one_cm":204,"minecraft:interact_with_crafting_table":1,"minecraft:fly_one_cm":10695,"minecraft:crouch_one_cm":936,"minecraft:play_time":25899,"minecraft:deaths":6,"minecraft:sneak_time":253,"minecraft:walk_under_water_one_cm":194,"minecraft:jump":327,"minecraft:leave_game":1,"minecraft:walk_on_water_one_cm":201,"minecraft:time_since_death":6290,"minecraft:total_world_time":25899,"minecraft:fall_one_cm":14663},"minecraft:mined":{"minecraft:large_fern":4,"minecraft:sweet_berry_bush":1,"minecraft:spruce_log":8,"minecraft:crafting_table":1,"minecraft:grass":3,"minecraft:grass_block":3,"minecraft:spruce_leaves":22},"minecraft:picked_up":{"minecraft:stick":3,"minecraft:crafting_table":1,"minecraft:sweet_berries":95,"minecraft:leather":1,"minecraft:spruce_sapling":3,"minecraft:spruce_log":12,"minecraft:dirt":14,"minecraft:spruce_planks":16,"minecraft:mutton":2,"minecraft:white_wool":1,"minecraft:egg":1},"minecraft:killed_by":{"minecraft:skeleton":1,"minecraft:creeper":2,"minecraft:zombie":1},"minecraft:used":{"minecraft:dirt":3,"minecraft:sweet_berries":7,"minecraft:crafting_table":1,"minecraft:egg":1},"minecraft:killed":{"minecraft:sheep":1},"minecraft:crafted":{"minecraft:crafting_table":1,"minecraft:spruce_planks":24,"minecraft:stick":8},"minecraft:dropped":{"minecraft:dirt":1}},"DataVersion":3465}