{"stats":{"minecraft:custom":{"minecraft:time_since_rest":3334,"minecraft:sprint_one_cm":8498,"minecraft:crouch_one_cm":935,"minecraft:play_time":10817,"minecraft:deaths":3,"minecraft:damage_taken":1310,"minecraft:walk_one_cm":48333,"minecraft:sneak_time":233,"minecraft:walk_under_water_one_cm":194,"minecraft:mob_kills":1,"minecraft:drop":1,"minecraft:jump":190,"minecraft:damage_dealt":55,"minecraft:leave_game":1,"minecraft:walk_on_water_one_cm":201,"minecraft:time_since_death":3297,"minecraft:total_world_time":10817,"minecraft:swim_one_cm":204,"minecraft:interact_with_crafting_table":1,"minecraft:fall_one_cm":11958,"minecraft:fly_one_cm":8419},"minecraft:killed_by":{"minecraft:creeper":1},"minecraft:used":{"minecraft:dirt":3,"minecraft:sweet_berries":5,"minecraft:crafting_table":1},"minecraft:crafted":{"minecraft:crafting_table":1,"minecraft:spruce_planks":24,"minecraft:stick":8},"minecraft:mined":{"minecraft:large_fern":4,"minecraft:grass":3,"minecraft:grass_block":3,"minecraft:sweet_berry_bush":1,"minecraft:spruce_leaves":20,"minecraft:spruce_log":6,"minecraft:crafting_table":1},"minecraft:dropped":{"minecraft:dirt":1},"minecraft:picked_up":{"minecraft:crafting_table":1,"minecraft:stick":3,"minecraft:sweet_berries":95,"minecraft:leather":1,"minecraft:spruce_planks":16,"minecraft:spruce_sapling":3,"minecraft:spruce_log":8,"minecraft:dirt":14}},"DataVersion":3465}