{"stats":{"minecraft:custom":{"minecraft:jump":18,"minecraft:time_since_rest":2388,"minecraft:crouch_one_cm":207,"minecraft:sprint_one_cm":4258,"minecraft:play_time":2388,"minecraft:time_since_death":2388,"minecraft:walk_one_cm":2269,"minecraft:sneak_time":70,"minecraft:total_world_time":2388,"minecraft:fall_one_cm":747,"minecraft:fly_one_cm":1140},"minecraft:mined":{"minecraft:spruce_leaves":2,"minecraft:spruce_log":7},"minecraft:picked_up":{"minecraft:spruce_sapling":1,"minecraft:spruce_log":8,"minecraft:mutton":2,"minecraft:white_wool":1,"minecraft:dirt":21}},"DataVersion":3465}